Country Name,Current health expenditure per capita (current US$),"Death rate, crude (per 1,000 people)",GDP per capita (constant 2015 US$),"Life expectancy at birth, total (years)","Literacy rate, adult total (% of people ages 15 and above)",Net migration,Poverty headcount ratio at national poverty line (% of population),"Unemployment, total (% of total labor force)",Population,Density (P/KmÂ²),Confirmed,Deaths,Recovered,Active
Afghanistan,74.23410797,6.791,559.140953983718,63.565,,-8082,,11.224,38928346.0,60.0,8370341.0,292432.0,5904418.0,2165900.0
Albania,367.75839233,8.48,4543.38771048312,79.282,,-8889,21.8,11.466,2877797.0,105.0,3693101.0,87375.0,1980336.0,1625390.0
Algeria,235.99041748,4.392,4737.12977369971,76.474,,-36386,,12.285,43851044.0,18.0,10439282.0,372954.0,7041511.0,3024717.0
Samoa,,,13288.3565565116,,,-1650,,,55191.0,276.0,50.0,0.0,50.0,0.0
Samoa,,,13288.3565565116,,,-1650,,,198414.0,70.0,50.0,0.0,50.0,0.0
Andorra,3026.59741211,3.9,39413.790877787,,,1238,,,77265.0,164.0,678294.0,15333.0,550059.0,112902.0
Angola,64.65779114,7.811,2666.25391548367,62.448,,58986,,16.497,32866272.0,26.0,1332420.0,36396.0,644965.0,651059.0
Antigua and Barbuda,801.54382324,5.865,18357.6788222183,78.691,,0,,,97929.0,223.0,22612.0,855.0,19144.0,2613.0
Argentina,1016.23083496,7.6,12716.2242038544,77.284,,4478,35.5,9.843,45195774.0,17.0,146627490.0,3766404.0,120070099.0,22790987.0
Armenia,549,9.662,4561.96779894751,75.439,,-25363,26.4,12.2,2963243.0,104.0,14413634.0,245797.0,11008808.0,3159029.0
Aruba,,8.778,30317.6073875484,76.248,,412,,,106766.0,593.0,0.0,0.0,0.0,0.0
Australia,5545.91064453,6.7,59000.7354442453,82.9,,235860,,5.159,25499884.0,3.0,5010277.0,130568.0,4195130.0,684532.0
Austria,5263,9.4,46616.3591743242,81.8951219512195,,41105,13.9,4.56,9006398.0,109.0,22043509.0,354165.0,17605096.0,4084248.0
Azerbaijan,197,5.6,5348.45318851823,73.102,99.7959823608398,392,,5,10139177.0,123.0,12834133.0,160233.0,9592303.0,3081597.0
Bahamas,1898.85632324,7.943,29736.7942241419,71.205,,1001,,10.011,393244.0,39.0,763994.0,17330.0,501639.0,243498.0
Bahrain,1024.39050293,2,23384.7592873445,80.019,,-17127,,1.226,1701575.0,2239.0,12746635.0,46622.0,11794367.0,905646.0
Bangladesh,47.66782379,5.28,1558.50779749774,72.806,74.6844635009766,-344054,,4.693,164689383.0,1265.0,67797045.0,954496.0,49011457.0,17831092.0
Barbados,1172.40539551,8.91,17369.5099699378,77.257,,-65,,8.413,287375.0,668.0,44682.0,1816.0,37809.0,5057.0
Belarus,390,12.8,6267.76513932041,74.2268292682927,99.8740005493164,15082,5,4.165,9449323.0,47.0,20205227.0,170349.0,16917033.0,3117845.0
Belgium,5049.57714844,9.5,43098.4750626966,81.9951219512195,,54395,14.1,5.36,11589623.0,383.0,53510585.0,2901163.0,3741443.0,46873275.0
Belize,298.96051025,4.727,5833.17356188628,73.931,,1164,,9.053,397628.0,17.0,570485.0,11384.0,336845.0,212479.0
Benin,29.37922096,9.248,1153.72620994687,60.454,,3363,38.5,1.402,12123200.0,108.0,455384.0,7432.0,367409.0,80543.0
Bermuda,,8.4,107036.239271085,81.033,,290,,,62278.0,1246.0,0.0,0.0,0.0,0.0
Bhutan,115.32080841,6.626,3448.4941900809,71.391,,291,,2.72,771608.0,20.0,52692.0,0.0,43518.0,9174.0
Bolivia,239.17544556,7.127,3242.94884532224,67.841,,-8978,37.2,3.682,11673021.0,11.0,22249682.0,1214850.0,14790093.0,6244739.0
Bosnia and Herzegovina,544,12.266,5558.08143990697,77.241,,-27848,,15.692,3280819.0,64.0,7978911.0,248683.0,4987647.0,2742581.0
Botswana,408.89602661,6.974,6485.56819794359,65.464,,2933,,20.094,2351627.0,4.0,926684.0,3157.0,582761.0,340760.0
Brazil,850.43286133,6.572,8592.21120694388,75.338,,69186,,11.936,212559417.0,25.0,877703267.0,26672320.0,742772758.0,105752008.0
British Virgin Islands,,6.156,,75.863,,253,,,30231.0,202.0,0.0,0.0,0.0,0.0
Brunei,674.65161133,4.834,30313.4138627573,74.748,,-587,,6.6,437479.0,83.0,40792.0,688.0,37240.0,2864.0
Bulgaria,698,15.5,8237.92678290482,75.1121951219512,,-11439,23.8,4.23,6948445.0,64.0,11041180.0,345633.0,5079987.0,5615560.0
Burkina Faso,41.07073212,8.75,717.374533770247,60.039,29.6632804870605,-25277,,4.701,20903273.0,76.0,481139.0,15257.0,376789.0,89093.0
Burundi,22.95755196,7.352,270.137277399698,62.351,,14241,,1.053,11890784.0,463.0,97394.0,273.0,81358.0,15724.0
Cabo Verde,171.77171326,5.162,3667.0573646025,76.004,,-1296,,12.118,555987.0,138.0,1206498.0,12273.0,1055177.0,139048.0
Cambodia,114.48534393,5.947,1465.96953537797,70.692,,-55607,,0.12,16718965.0,95.0,62569.0,0.0,56901.0,5663.0
Cameroon,56.18640518,8.16,1454.56406902089,61.584,,-12254,,3.646,26545863.0,56.0,4171690.0,87522.0,3671452.0,412716.0
Canada,5115.97607422,7.6,45100.2914903262,82.2239024390244,,391914,,5.69,37742154.0,4.0,47837905.0,2331636.0,37612502.0,7877355.0
Cayman Islands,,3.7,82170.5930267913,,,973,,,65722.0,274.0,0.0,0.0,0.0,0.0
Central African Republic,33.9444313,10.873,381.414046354948,55.025,,-36942,,5.978,4829767.0,8.0,940671.0,11547.0,329524.0,599600.0
Chad,31.30481529,12.369,652.703215971488,53.259,,-9469,,1.081,16425864.0,13.0,274619.0,19392.0,233034.0,22193.0
Channel Islands,,8.54731125671448,,81.39,,1566,,6.17,173863.0,915.0,0.0,0.0,0.0,0.0
Chile,1369.48400879,6.346,13743.8930417408,80.326,,230162,,7.533,19116201.0,26.0,90361143.0,2368761.0,83203984.0,4788333.0
China,539.6194458,7.09,10155.5108830542,77.968,,-302609,0.6,4.56,1439323776.0,153.0,27175714.0,1385226.0,24035577.0,1742081.0
Colombia,500.73138428,5.411,6404.10876497266,76.752,95.249267578125,395803,35.7,10.28,50882891.0,46.0,152984623.0,4518490.0,128950513.0,19428688.0
Comoros,77.80075073,8.203,1381.62223950494,64.068,,-2917,,5.1,869601.0,467.0,95927.0,1422.0,86813.0,7692.0
Congo (Kinshasa),19.85771751,9.38,494.81924776865,60.276,,-144916,,4.642,89561403.0,40.0,2206465.0,57870.0,1746170.0,402425.0
Congo (Brazzaville),58.90272522,7.388,1901.05599305146,62.747,,-6271,,20.608,5518087.0,16.0,882778.0,16224.0,581719.0,284866.0
Costa Rica,914.88470459,5.468,12662.4228535715,79.427,,4154,23.9,10.807,5094118.0,100.0,14337806.0,172649.0,8701462.0,5463695.0
Cote d'Ivoire,73.64801788,8.728,2256.83795553384,59.319,89.8934173583984,-15520,,2.401,26378274.0,83.0,0.0,0.0,0.0,0.0
Croatia,1040,12.7,14321.3344788474,78.4243902439025,,-12480,18.3,6.617,4105267.0,73.0,9881857.0,156199.0,8250046.0,1475612.0
Cuba,1013.10137939,9.861,8043.01419726511,77.611,,-13686,,1.2,11326616.0,106.0,1186778.0,26328.0,1034192.0,126258.0
Curacao,,8.8,17980.5298177114,,,-9592,,,164093.0,370.0,0.0,0.0,0.0,0.0
Cyprus,2093,6.769,28362.083984375,81.397,,4948,14.3,7.155,1207359.0,131.0,1001477.0,7755.0,301790.0,691932.0
Czechia,1803.05249023,10.5,20206.4256384905,79.2292682926829,,4030,9.5,2.015,10708981.0,139.0,40817981.0,599382.0,29962980.0,10255619.0
Denmark,6059,9.3,57203.0277943447,81.4512195121951,,23305,12.1,5.018,5792202.0,137.0,9246883.0,174973.0,7128901.0,1943009.0
Djibouti,62.30675125,8.421,2820.06286565541,63.085,,1322,,26.246,988000.0,43.0,1185142.0,12337.0,1087173.0,85632.0
Dominica,442.51159668,8.369,7936.3048182003,73.559,,326,,,71986.0,96.0,9141.0,0.0,7418.0,1723.0
Dominican Republic,346.50790405,6.006,8205.14259161047,73.577,,-29830,21,6.356,10847910.0,225.0,20856015.0,374344.0,15203902.0,5277769.0
Ecuador,484.36807251,4.913,5970.1089450969,77.297,,71801,25,3.812,17643054.0,71.0,27877424.0,2034731.0,21387209.0,4455484.0
Egypt,145.31028748,5.581,3769.03576992117,71.358,,-59715,29.7,7.851,102334404.0,103.0,20706457.0,1120542.0,14866908.0,4719007.0
El Salvador,377.02557373,7.451,4104.91789162688,72.559,89.1379165649414,-55143,,4.17,6486205.0,313.0,5317624.0,150776.0,4141194.0,1035341.0
Equatorial Guinea,231.83953857,8.582,6472.07088263695,61.644,,14695,,8.367,1402985.0,50.0,924955.0,15051.0,707006.0,202898.0
Eritrea,25.98394394,6.309,,67.3,,-29849,,5.789,3546421.0,35.0,85251.0,10.0,65761.0,19513.0
Estonia,1599.3503418,11.6,20327.0158660721,78.6463414634147,,5410,20.7,4.514,1326535.0,31.0,1349513.0,20641.0,901295.0,427577.0
Eswatini,274.94509888,8.923,3766.06299935158,60.549,,-9796,,29.049,1160164.0,67.0,916582.0,17307.0,765593.0,133682.0
Ethiopia,26.22917175,6.439,785.48497203795,65.838,,-10803,,2.945,114963588.0,115.0,12642131.0,197303.0,7393080.0,5051748.0
Faroe Islands,,8,56099.9689639995,82.6463414634146,,580,,,48863.0,35.0,0.0,0.0,0.0,0.0
Fiji,253.74330139,7.941,5679.05182722096,67.893,,-11865,24.1,4.38,896445.0,49.0,7558.0,275.0,6027.0,1256.0
Finland,4460,9.8,46135.8814242631,81.9829268292683,,15558,12.2,6.695,5540720.0,18.0,3195482.0,87901.0,2390122.0,717456.0
France,4504.48486328,9.1,38832.0242014303,82.8268292682927,,17403,13.8,8.415,65273511.0,119.0,206540911.0,9180615.0,26113135.0,171230021.0
French Polynesia,,3.391,19856.2590590838,82.996,,-861,,11.536,280908.0,77.0,0.0,0.0,0.0,0.0
Gabon,208.28834534,6.856,6893.32310548088,66.603,,2230,,20.426,2225734.0,9.0,1684824.0,11086.0,1383102.0,290636.0
Gambia,22.83255005,6.999,668.63512259134,63.755,,-4186,,4.532,2416668.0,239.0,496018.0,15905.0,359668.0,120445.0
Georgia,309,12.88,4975.81148194814,73.47,,-5414,19.5,11.565,3989167.0,57.0,9263035.0,88694.0,7554433.0,1619908.0
Germany,5486.98876953,11.3,43292.6838917385,81.2926829268293,,360560,16.1,3.136,83783942.0,240.0,116536543.0,2908776.0,88516760.0,25110586.0
Ghana,93.18772125,7.143,1981.61375988962,64.74,,-21860,,3.156,31072940.0,137.0,8533653.0,52205.0,7886023.0,595425.0
Gibraltar,,8.283,,82.363,,-58,,,33691.0,3369.0,0.0,0.0,0.0,0.0
Greece,1569.02905273,11.7,19017.9964295438,81.6390243902439,,-21581,17.7,17.045,10423054.0,81.0,7935889.0,207554.0,2252712.0,5475623.0
Greenland,,9.8,48170.7896955512,71.9443902439024,,-338,,,56770.0,0.0,3.0,0.0,0.0,3.0
Grenada,487.60290527,8.008,9247.89838199082,74.863,,-190,,,112523.0,331.0,8234.0,0.0,6465.0,1769.0
Guam,,6.304,35341.4051332021,77.717,,-1852,,5.402,168775.0,313.0,0.0,0.0,0.0,0.0
Guatemala,278.54898071,4.892,4263.70844366435,73.129,,-58095,,2.193,17915568.0,167.0,16257990.0,578317.0,13650653.0,2029020.0
Guinea,42.68258667,9.712,937.703131488194,59.72,,-3243,,5.018,13132795.0,53.0,2114447.0,12704.0,1839759.0,261984.0
Guinea-Bissau,54.0177002,8.206,699.768327216702,60.882,,-1395,,3.219,1968001.0,70.0,480179.0,7301.0,286492.0,186386.0
Guyana,317.6022644,7.444,6348.68368035127,69.124,,-24678,,13.525,786552.0,4.0,542748.0,16211.0,407501.0,119036.0
Haiti,49.08563995,7.953,1387.51490382752,64.255,,-34635,,14.133,11402528.0,414.0,1686792.0,40426.0,1149948.0,496418.0
Honduras,184.03918457,4.315,2443.88171835938,72.881,88.5074310302734,-6550,48,5.551,9904607.0,89.0,14207750.0,406382.0,4957332.0,8844036.0
Hong Kong,,6.5,44195.2523378549,85.1558536585366,,0,,2.917,7496981.0,7140.0,1000693.0,15976.0,860756.0,123896.0
Hungary,1054,13.3,15083.5991718742,76.3195121951219,,33559,12.3,3.419,9660351.0,107.0,15516561.0,450464.0,4852280.0,10213817.0
Iceland,5865,6.3,57493.4195335925,83.1634146341463,,5152,,3.507,341243.0,3.0,802164.0,3644.0,712094.0,86426.0
India,61,6.71,1944.31484844968,70.91,,-593495,,6.51,1380004385.0,464.0,1068025329.0,16909137.0,937870270.0,113246254.0
Indonesia,119.4984436,7.539,3892.42166187369,70.518,,-40567,9.4,3.59,273523615.0,151.0,59897920.0,2121902.0,46066007.0,11710011.0
Iran,378.47418213,4.872,5017.11721517534,76.103,,-34571,,10.74,83992949.0,52.0,116674928.0,6151531.0,91140170.0,19383227.0
Iraq,239.57891846,4.301,4854.38649618787,71.576,,-29880,,14.142,40222493.0,93.0,63735334.0,1598851.0,52680174.0,9456309.0
Ireland,5462.73095703,6.3,75281.9215322169,82.7024390243903,,29113,13.8,4.95,4937786.0,72.0,10369122.0,455620.0,5595586.0,4317916.0
Isle of Man,,10.09,95137.3348854037,80.737,,239,,,85033.0,149.0,0.0,0.0,0.0,0.0
Israel,3354,5.1,39591.3687578516,82.8048780487805,,16132,,3.731,8655535.0,400.0,40907813.0,330573.0,35189148.0,5387443.0
Italy,2911,10.6,32114.2998563994,83.4975609756098,99.3490982055664,21615,20,9.952,60461826.0,206.0,150428536.0,10475292.0,86295688.0,53657554.0
Jamaica,343.06192017,7.477,5307.51034434468,71.767,,-11329,,4.987,2961167.0,273.0,1137492.0,23519.0,624271.0,489702.0
Japan,4463,11.2,36043.7844013365,84.3563414634146,,183953,,2.351,126476461.0,347.0,18235231.0,352621.0,15059108.0,2820718.0
Jordan,294.18927002,3.148,3909.25001726642,76.044,,28963,,16.801,10203134.0,115.0,14076051.0,172733.0,9212868.0,4690450.0
Kazakhstan,270,7.19,11402.7584159346,73.18,,-37080,4.3,4.8,18776707.0,7.0,21717398.0,294527.0,18405973.0,3016898.0
Kenya,86.06783295,7.29,1653.82898526646,62.943,,-61946,,5.014,53771296.0,94.0,8776970.0,156589.0,5916541.0,2703840.0
Kiribati,177,6.252,1829.22305681577,67.15,,-691,21.9,,119449.0,147.0,0.0,0.0,0.0,0.0
South Korea,2605.9934082,5.7,31645.9498343307,83.2268292682927,,110799,,3.746,51269185.0,527.0,5949407.0,103547.0,4801087.0,1044737.0
Kuwait,1643.56970215,2.194,26278.7396325411,79.685,,9088,,2.239,4270571.0,240.0,20555025.0,130523.0,18452868.0,1971634.0
Kyrgyzstan,63,5.2,1226.82431155612,71.6,99.5999984741211,-34270,20.1,4.252,6524195.0,34.0,9243724.0,201338.0,7895154.0,1147232.0
Laos,67.81835938,6.505,2564.01946515237,68.138,,-10303,,2.528,7275560.0,32.0,6378.0,0.0,5219.0,1183.0
Latvia,1183,14.5,15759.0818388809,75.3878048780488,,-7903,21.6,6.312,1886198.0,30.0,1513990.0,22183.0,674629.0,817178.0
Lebanon,782.2052002,5.178,8081.74334362085,79.236,,-237572,,11.301,6825445.0,667.0,10979867.0,92915.0,6370499.0,4515909.0
Lesotho,130.44073486,13.014,1033.37116391748,54.173,,-2989,,16.876,2142249.0,71.0,266837.0,5916.0,135927.0,124994.0
Liberia,52.02645493,8.658,644.162065213927,61.104,,-19697,,3.072,5057681.0,53.0,272788.0,15928.0,204206.0,52654.0
Libya,,5.454,9821.66173227168,72.463,,-1352,,19.037,6871292.0,4.0,7537364.0,110796.0,4444049.0,2982519.0
Liechtenstein,,6.8,,84.1609756097561,,178,,,38128.0,238.0,104576.0,1186.0,83571.0,19819.0
Lithuania,1370,13.7,17256.4081521908,76.2829268292683,,-13398,20.9,6.255,2722289.0,43.0,4831371.0,53753.0,1981035.0,2788460.0
Luxembourg,6222,6.9,107350.626687276,82.6390243902439,,10365,17.4,5.595,625978.0,242.0,3403899.0,43147.0,2596674.0,777140.0
Macau,,3.983,76789.4065769928,84.978,,8578,,1.749,649335.0,21645.0,13297.0,0.0,11933.0,1318.0
Madagascar,15.88729572,6.518,478.926961352974,65.882,,-1487,,2.46,27691018.0,48.0,2679081.0,35710.0,2410816.0,232555.0
Malawi,41.78248596,6.611,573.400114038594,64.119,,-2228,50.7,4.949,19129952.0,203.0,965572.0,28619.0,705542.0,231411.0
Malaysia,427.46286011,5.253,11114.5605305734,75.76,,60824,8.4,3.26,32365999.0,99.0,6275810.0,48887.0,5024610.0,1202275.0
Maldives,852,2.858,10888.6445610502,80.116,,6690,5.4,4.562,540544.0,1802.0,1751805.0,6203.0,1473950.0,271652.0
Mali,32.17400742,9.205,779.326624981433,59.664,,-44428,42.3,2.414,20250833.0,17.0,731240.0,30881.0,512861.0,187498.0
Malta,2944,7.3,29021.3357939207,82.8585365853659,,11247,16.9,3.627,441543.0,1380.0,912737.0,11537.0,707020.0,194180.0
Marshall Islands,782.23565674,7.29,5061.10371299857,64.746,,-1901,7.2,,59190.0,329.0,208.0,0.0,136.0,60.0
Mauritania,60.7460022,7.003,1635.83999676974,65.687,,-3018,31.8,10.416,4649658.0,5.0,1483644.0,34443.0,1206761.0,242440.0
Mauritius,670.97399902,8.8,10956.9450226163,74.2358536585366,,-1034,,6.331,1271768.0,626.0,104590.0,2701.0,92724.0,9165.0
Mexico,552.70422363,6.931,10228.980944107,74.202,,-47764,,3.477,128932753.0,66.0,146981876.0,14802191.0,115957591.0,16222294.0
Moldova,284,13.089,3438.67732670712,70.935,,-28328,25.2,1.502,4033963.0,123.0,12152607.0,291748.0,9408890.0,2451969.0
Monaco,7730.60351563,,191194.562185505,,,416,,,39242.0,26337.0,67914.0,826.0,55418.0,11704.0
Mongolia,197.55195618,5.499,4385.11167680522,71.822,,10664,,9.269,3278290.0,2.0,91572.0,3.0,62567.0,29002.0
Montenegro,732,10.6,7684.18397197185,76.6829268292683,,-1636,22.6,15.128,628066.0,47.0,3008082.0,44928.0,2129719.0,833435.0
Morocco,177.24557495,5.658,3355.61328125,74.27,,-91959,,9.21,36910560.0,83.0,31458632.0,534346.0,26596297.0,4327989.0
Mozambique,40.41284943,8.04,608.96363276244,61.166,,-17639,,3.632,31255435.0,40.0,1613617.0,12282.0,1246600.0,354735.0
Burma,62,8.692,1430.13634322583,66.61,89.0699462890625,-100810,,0.407,54409800.0,83.0,6768784.0,148151.0,4929940.0,1690693.0
Namibia,432.14578247,8.248,4596.61957617524,63.075,,-8596,,19.945,2540905.0,3.0,1783501.0,17522.0,1409886.0,356093.0
Nauru,1158.77087402,6.48,7341.86820571878,63.484,,-107,,,10824.0,541.0,0.0,0.0,0.0,0.0
Nepal,53,6.871,1061.48627550472,69.558,,-70597,,10.578,29136808.0,203.0,21071636.0,127872.0,17482555.0,3461202.0
Netherlands,5341,8.8,48443.7320540283,82.1121951219512,,60266,13.4,3.38,17134872.0,508.0,51121584.0,1806831.0,709085.0,48605678.0
New Caledonia,,6,,80.4197073170732,,-2336,,10.881,285498.0,16.0,0.0,0.0,0.0,0.0
New Zealand,4085.78808594,6.87,40651.9744673101,82.0560975609756,,103392,,4.109,4822233.0,18.0,466027.0,5909.0,426133.0,33985.0
Nicaragua,161.98634338,4.626,1965.2754946487,74.054,,-19733,,5.47,6624554.0,55.0,933045.0,27820.0,646648.0,258577.0
Niger,31.21994209,7.824,520.934643318794,62.897,,-15787,,0.544,24206644.0,19.0,327790.0,17099.0,259534.0,51157.0
Nigeria,69.68148041,12.989,2505.46223905246,52.91,,-103989,,5.206,206139589.0,226.0,11063308.0,209468.0,8630985.0,2222855.0
North Macedonia,421,9.8,5961.58475399191,76.6024390243903,,-987,21.8,17.414,2083374.0,83.0,5773198.0,192163.0,3865777.0,1715258.0
Northern Mariana Islands,,4,20796.0304233721,,,-806,,,57559.0,125.0,0.0,0.0,0.0,0.0
Norway,8007,7.6,76712.2871258373,82.9585365853659,,25564,12.7,3.687,5421241.0,15.0,4392432.0,71708.0,2501650.0,1813524.0
Oman,728.25482178,2.205,18044.2704535008,78.002,,-106864,,2.052,5106626.0,16.0,18779708.0,172018.0,16247307.0,2360383.0
Pakistan,37.22461319,6.765,1626.74886750576,66.756,57.9988594055176,-1177218,,4.83,220892340.0,287.0,65711374.0,1358960.0,55478058.0,8874016.0
Palau,2102.07470703,10.2,15841.8786324375,,,8,,,18094.0,39.0,0.0,0.0,0.0,0.0
Panama,1340.13781738,5.12,15166.8809024504,77.81,95.7360763549805,10623,21.5,6.332,4314767.0,58.0,22465060.0,444535.0,17260278.0,4760247.0
Papua New Guinea,60.31322479,6.468,2590.49392420181,65.474,,22977,,2.599,8947024.0,20.0,83024.0,948.0,66023.0,16053.0
Paraguay,415.88879395,5.636,6229.22489536642,73.621,93.2135314941406,-16270,23.5,6.595,7132538.0,18.0,8104301.0,168179.0,5481628.0,2454494.0
Peru,366.56491089,6.006,6550.44801531118,76.156,,136558,20.2,3.379,32971854.0,26.0,142426368.0,5553592.0,116951491.0,19723287.0
Philippines,142,5.609,3589.61363648629,71.865,96.2781677246094,-24066,,2.237,109581078.0,368.0,52725986.0,1034603.0,42862452.0,8828929.0
Poland,1014,10.8,15053.2323676784,77.9048780487805,,-2974,14.8,3.277,37846611.0,124.0,69551972.0,1415627.0,43857241.0,24279104.0
Portugal,2222,10.9,21617.411624379,81.6756097560976,,43656,16.2,6.464,10196709.0,111.0,28332442.0,609705.0,19151887.0,8570850.0
Puerto Rico,,9.194,30181.1498485361,79.063,,-16013,,8.3,2860853.0,323.0,0.0,0.0,0.0,0.0
Qatar,2012.22570801,0.991,59621.3816442612,80.99,,15493,,0.1,2881053.0,248.0,26150302.0,40693.0,23994551.0,2115058.0
Romania,739,13.4,11252.8856152959,75.6073170731707,,-25453,23.4,3.912,19237691.0,84.0,41509828.0,1235731.0,30475931.0,9798166.0
Rwanda,51.18757629,6.137,870.624098750541,66.437,,-11823,,11.236,12952218.0,525.0,822289.0,5293.0,632261.0,184735.0
Samoa,240.10105896,5.5,4421.29454588713,72.157,,-2469,,9.601,55191.0,276.0,50.0,0.0,50.0,0.0
Samoa,240.10105896,5.5,4421.29454588713,72.157,,-2469,,9.601,198414.0,70.0,50.0,0.0,50.0,0.0
San Marino,3854.09521484,7.2,44143.0456414726,,,148,,,33931.0,566.0,243997.0,11905.0,184846.0,47246.0
Saudi Arabia,1279.6907959,2.656,20044.268607689,77.304,,241172,,5.636,34813871.0,16.0,63856132.0,856717.0,57148938.0,5850477.0
Senegal,65.75260925,5.409,1409.97082080725,68.526,,-19973,,2.863,16743927.0,87.0,2760633.0,54621.0,2243520.0,462492.0
Serbia,641.02966309,14.6,6567.90805482597,75.9365853658537,99.4825286865234,489,21.7,10.395,8737371.0,100.0,15797555.0,204406.0,733305.0,14859795.0
Seychelles,769.74798584,8.1,19481.6461053742,74.0463414634146,,305,,,98347.0,214.0,27872.0,0.0,23574.0,4298.0
Sierra Leone,46.25284195,9.065,634.985615716206,60.255,,-2238,,3.204,7976983.0,111.0,441218.0,15324.0,320942.0,104952.0
Singapore,2826.01000977,5,61333.6563161696,83.5951219512195,97.4795837402344,40624,,3.1,5850342.0,8358.0,12326668.0,6714.0,11029422.0,1290479.0
Slovakia,1342,9.8,18240.9937197683,77.6658536585366,,3378,11.4,5.761,5459642.0,114.0,8268717.0,66552.0,4656117.0,3546048.0
Slovenia,2219,9.9,24142.0895708359,81.5292682926829,,7427,12.4,4.448,2078938.0,103.0,5604653.0,117892.0,3894006.0,1592606.0
Solomon Islands,103.72428894,4.989,2203.96286598146,70.382,,-1603,,0.746,686884.0,25.0,1072.0,0.0,333.0,719.0
Somalia,,11.041,543.612617001802,57.078,,48055,,18.828,15893222.0,25.0,804341.0,23130.0,512430.0,268781.0
South Africa,551.4352417,8.614,6188.70355773203,66.175,95.0229721069336,22728,,25.538,59308690.0,49.0,120847900.0,2921896.0,101789474.0,16136530.0
South Sudan,34.9889183,10.531,,55.912,,2048,,12.642,11193725.0,18.0,554378.0,10347.0,283892.0,256907.0
Spain,2716.83349609,8.8,28087.8979203438,83.8317073170732,,458942,21,14.104,46754778.0,94.0,184838037.0,8629653.0,38336466.0,137871942.0
Sri Lanka,160,7.072,4458.43442725849,76.008,92.2529602050781,-94897,14.3,4.67,21413249.0,341.0,2124433.0,9210.0,1543609.0,571609.0
Sudan,35.51281357,6.586,1186.90600585938,65.876,,-29450,,12.014,43849260.0,25.0,2927489.0,187003.0,1509676.0,1230810.0
Suriname,611.95446777,7.06,8756.33028870617,72.242,,203,,7.545,586632.0,4.0,742896.0,15216.0,667650.0,60031.0
Sweden,5653,8.6,53490.3518198746,83.109756097561,,81585,16.1,6.833,10099265.0,25.0,29738578.0,1420257.0,160063.0,28158257.0
Switzerland,9341.0625,7.9,87123.6604363226,83.9048780487805,,43546,15.5,4.394,8654622.0,219.0,28849607.0,700149.0,20548383.0,7601075.0
Tajikistan,62,4.843,1172.07905437221,70.867,,-7192,26.3,6.898,9537645.0,68.0,1978071.0,15852.0,1715038.0,247181.0
Tanzania,39.5618248,6.012,1039.51049804688,66.989,,-64819,,2.518,59734218.0,67.0,127713.0,5219.0,44911.0,77583.0
Thailand,289.17828369,7.14,6453.89408036298,78.975,,3758,6.2,0.716,69799978.0,137.0,962174.0,15386.0,857058.0,89660.0
Timor-Leste,79.26290131,6.888,1528.64619551962,68.268,,-5265,,3.129,1318445.0,89.0,6950.0,0.0,6370.0,580.0
Togo,50.15758133,8.465,832.143394343035,60.901,66.5370788574219,-1997,,2.056,8278724.0,152.0,376989.0,8650.0,286486.0,81853.0
Tonga,229.94410706,6.909,4628.44801274001,70.871,,-1898,,2.164,105695.0,147.0,0.0,0.0,0.0,0.0
Trinidad and Tobago,1071.89624023,7.701,15614.9856041812,74.228,,-19248,,3.523,1399488.0,273.0,686792.0,12941.0,519377.0,154119.0
Tunisia,209.52612305,6.145,4094.87794209438,75.993,80.5475769042969,-19609,,17.153,11818619.0,76.0,7622161.0,224877.0,4588771.0,2808513.0
Turkey,397,5.084,12073.8715524618,77.832,96.7422103881836,-218341,15,13.73,84339067.0,110.0,109109035.0,2041959.0,90318805.0,16839332.0
Turkmenistan,488.62384033,6.583,7422.36252071934,69.002,,-9612,,4.055,6031200.0,13.0,0.0,0.0,0.0,0.0
Tuvalu,1109.26647949,10.161,4197.24209189716,64.278,,-57,,,11792.0,393.0,0.0,0.0,0.0,0.0
Uganda,33.40487289,5.823,922.023174053553,62.991,,107203,20.3,3.185,45741007.0,229.0,1954631.0,16589.0,908854.0,1029188.0
Ukraine,247,14.7,2425.634765625,71.8273170731707,,-7812,,8.194,43733762.0,75.0,66416313.0,1230047.0,34114430.0,31071836.0
United Arab Emirates,1990.28479004,1.471,43785.4172712311,79.726,97.7825088500977,-4466,,2.331,9890402.0,118.0,22010797.0,98423.0,19111014.0,2801348.0
United Kingdom,4268.67724609,9,47240.599622327,81.4048780487805,,221179,,3.737,67886011.0,281.0,173138558.0,11585237.0,542154.0,161011177.0
US,10658.39746094,8.697,61330.6459767318,78.7878048780488,,1158444,,3.669,331002651.0,36.0,1698942583.0,45794483.0,495927277.0,1151777360.0
Uruguay,1677.09790039,10.057,17596.8052697747,77.508,98.7703475952148,-2902,,8.734,3473730.0,20.0,756119.0,12125.0,564439.0,179555.0
Uzbekistan,99,4.6,3185.33455578635,71.344,99.9999465942383,-69397,,4.945,33469203.0,79.0,9538210.0,74439.0,8718527.0,745244.0
Vanuatu,101.97441101,5.663,2838.98826949984,69.877,,-403,15.9,5.445,307145.0,25.0,52.0,0.0,29.0,21.0
"Venezuela, RB",113.2855072,7.017,,72.161,,-976460,,5.887,28435940.0,32.0,12118175.0,104998.0,10678040.0,1335137.0
Viet Nam,173.64949036,6.706,3288.35288950188,74.093,95.7538681030273,-4028,5.7,1.681,97338579.0,314.0,216157.0,4806.0,179044.0,32289.0
Virgin Islands (U.S.),,8.2,36328.068217051,79.6682926829268,,-458,,12.259,104425.0,298.0,0.0,0.0,0.0,0.0
Yemen,,6.416,1182.50711087599,65.092,,-39769,,17.303,29825964.0,56.0,378481.0,107509.0,219338.0,51634.0
Zambia,85.64040375,6.571,1310.62222427718,62.793,,18019,,5.539,18383955.0,25.0,2393379.0,52099.0,2191604.0,149676.0
Zimbabwe,54.80850601,8.043,1342.98958637234,61.292,,-59918,38.3,7.373,14862924.0,38.0,1314479.0,36035.0,1038738.0,239706.0
